trainer/global_step,_step,acc/val,_runtime,loss/val,epoch,_timestamp,acc/train_epoch,loss/train_epoch,lr-Adam,loss/train_step,acc/test,loss/test
28,0,0.8333333134651184,33.324706588,0.48138415813446045,0.0,1736382373.188356,,,,,,
28,1,,64.044007268,,0.0,1736382403.8789716,0.7440087199211121,0.9804144501686096,,,,
49,2,,68.50434916,,,1736382408.3676465,,,1e-05,,,
49,3,,68.617433627,,1.0,1736382408.481281,,,,0.07439108937978745,,
57,4,0.9215686321258545,71.182719806,0.2728525698184967,1.0,1736382411.0464764,,,,,,
57,5,,100.023506151,,1.0,1736382439.8872614,0.9651415944099426,0.16023437678813934,,,,
86,6,0.8725489974021912,107.330381248,0.4015302360057831,2.0,1736382447.1941028,,,,,,
86,7,,136.727509863,,2.0,1736382476.5912051,0.984749436378479,0.049157336354255676,,,,
99,8,,140.286889942,,,1736382480.1505523,,,1e-05,,,
99,9,,140.401214143,,3.0,1736382480.264739,,,,0.008552084676921368,,
115,10,0.8823529481887817,143.925815585,0.34717777371406555,3.0,1736382483.789511,,,,,,
115,11,,173.974088608,,3.0,1736382513.8377779,0.984749436378479,0.0469684936106205,,,,
144,12,0.8823529481887817,181.276860161,0.4721691310405731,4.0,1736382521.1405785,,,,,,
144,13,,211.712782325,,4.0,1736382551.5765488,0.9880174398422241,0.03147431090474129,,,,
149,14,,214.371342082,,,1736382554.2345703,,,1e-05,,,
149,15,,214.486852436,,5.0,1736382554.3507113,,,,0.02328438311815262,,
173,16,0.8823529481887817,219.010894576,0.4638931453227997,5.0,1736382558.8746283,,,,,,
173,17,,250.186879335,,5.0,1736382590.05055,0.9923747181892395,0.0284019336104393,,,,
199,18,,255.289746032,,,1736382595.1534717,,,1e-05,,,
199,19,,255.404210695,,6.0,1736382595.268049,,,,0.009544137865304947,,
202,20,0.8235294222831726,257.337017036,0.5128191113471985,6.0,1736382597.200739,,,,,,
202,21,,257.341286403,,6.0,1736382597.2051668,0.9891067743301392,0.03292476758360863,,,,
231,22,0.8725489974021912,264.566659281,0.601978063583374,7.0,1736382604.430419,,,,,,
231,23,,296.264929465,,7.0,1736382636.1286397,0.9945533871650696,0.021723847836256027,,,,
249,24,,300.618272394,,,1736382640.4818013,,,1e-05,,,
249,25,,300.73233374,,8.0,1736382640.5961144,,,,0.004073628224432468,,
260,26,0.8627451062202454,303.673413403,0.4655856192111969,8.0,1736382643.5371706,,,,,,
260,27,,334.495047669,,8.0,1736382674.3588383,0.9934640526771545,0.019494013860821724,,,,
289,28,0.843137264251709,341.66771805,0.6543118953704834,9.0,1736382681.5314705,,,,,,
289,29,,371.821919202,,9.0,1736382711.6855752,0.9978213310241699,0.008185036480426788,,,,
299,30,,375.153489787,,,1736382715.0171595,,,1e-05,,,
299,31,,375.267508443,,10.0,1736382715.1310766,,,,0.0007974656182341278,,
318,32,0.9117646813392639,379.150508655,0.3883574306964874,10.0,1736382719.0142627,,,,,,
318,33,,379.154701017,,10.0,1736382719.0185924,0.9956427216529846,0.025824682787060738,,,,
347,34,0.8921568393707275,386.362604787,0.3893859386444092,11.0,1736382726.2263136,,,,,,
347,35,,416.561406009,,11.0,1736382756.4251516,1.0,0.002742439042776823,,,,
349,36,,418.825272065,,,1736382758.6883228,,,1e-05,,,
349,37,,418.94602455,,12.0,1736382758.8093688,,,,0.010332178324460983,,
376,38,0.8921568393707275,423.780375277,0.42490845918655396,12.0,1736382763.644125,,,,,,
376,39,,454.585908802,,12.0,1736382794.449692,1.0,0.0022180306259542704,,,,
399,40,,459.521864096,,,1736382799.3855224,,,1e-05,,,
399,41,,459.635852435,,13.0,1736382799.4996355,,,,0.0006291100289672613,,
405,42,0.9117646813392639,461.966233151,0.3307855725288391,13.0,1736382801.8299952,,,,,,
405,43,,491.719580102,,13.0,1736382831.5833232,1.0,0.000821461551822722,,,,
434,44,0.9117646813392639,498.906942328,0.24603578448295593,14.0,1736382838.770696,,,,,,
434,45,,530.340400211,,14.0,1736382870.2041264,1.0,0.00024769423180259764,,,,
449,46,,534.061029658,,,1736382873.9246674,,,1e-05,,,
449,47,,534.174484976,,15.0,1736382874.0382662,,,,0.00018060157890431583,,
463,48,0.9215686321258545,537.474266046,0.23778949677944183,15.0,1736382877.3380117,,,,,,
463,49,,567.748550284,,15.0,1736382907.6122916,1.0,0.00014770955021958798,,,,
492,50,0.9215686321258545,575.020461634,0.24748758971691132,16.0,1736382914.884227,,,,,,
492,51,,606.278886803,,16.0,1736382946.1425135,1.0,0.00011775153689086437,,,,
499,52,,609.166091123,,,1736382949.0297623,,,1e-05,,,
499,53,,609.280001244,,17.0,1736382949.1438663,,,,6.542010669363663e-05,,
521,54,0.9313725233078003,613.518978247,0.22439448535442352,17.0,1736382953.38266,,,,,,
521,55,,613.523642124,,17.0,1736382953.3875084,1.0,0.00012323383998591453,,,,
549,56,,618.7599836,,,1736382958.623679,,,1e-05,,,
549,57,,618.87414883,,18.0,1736382958.737962,,,,5.8416477259015664e-05,,
550,58,0.9313725233078003,620.571718484,0.2428242713212967,18.0,1736382960.4354362,,,,,,
550,59,,650.391255497,,18.0,1736382990.2549357,1.0,9.819044498726726e-05,,,,
579,60,0.9411764740943909,657.605185325,0.23538048565387726,19.0,1736382997.4689326,,,,,,
579,61,,689.213461403,,19.0,1736383029.0772135,1.0,8.495966903865337e-05,,,,
599,62,,693.732392372,,,1736383033.5960553,,,1e-05,,,
599,63,,693.84621575,,20.0,1736383033.7100406,,,,7.429427932947874e-05,,
608,64,0.9411764740943909,696.527385387,0.24181118607521057,20.0,1736383036.3911355,,,,,,
608,65,,727.663217473,,20.0,1736383067.5269816,1.0,7.484576781280339e-05,,,,
637,66,0.9411764740943909,734.793087326,0.23051592707633972,21.0,1736383074.6567962,,,,,,
637,67,,765.988867266,,21.0,1736383105.8526697,1.0,6.55847616144456e-05,,,,
649,68,,769.403156152,,,1736383109.2667723,,,1e-05,,,
649,69,,769.517324066,,22.0,1736383109.3811405,,,,5.9954407333862036e-05,,
666,70,0.9509803652763367,773.18184211,0.2214057743549347,22.0,1736383113.0455775,,,,,,
666,71,,773.186118791,,22.0,1736383113.049995,1.0,6.847477925475687e-05,,,,
695,72,0.9313725233078003,780.383648186,0.23960824310779572,23.0,1736383120.2474303,,,,,,
695,73,,810.485902744,,23.0,1736383150.3496158,1.0,6.033045792719349e-05,,,,
699,74,,812.978162665,,,1736383152.8413157,,,1e-05,,,
699,75,,813.093929478,,24.0,1736383152.95774,,,,5.879244417883456e-05,,
724,76,0.9215686321258545,817.70736695,0.24592243134975433,24.0,1736383157.5711195,,,,,,
724,77,,847.920891332,,24.0,1736383187.784602,1.0,5.704215800506063e-05,,,,
749,78,,853.111725686,,,1736383192.9754326,,,1e-05,,,
749,79,,853.225985424,,25.0,1736383193.0894876,,,,5.017333023715764e-05,,
753,80,0.9313725233078003,855.310769362,0.24168731272220612,25.0,1736383195.1745064,,,,,,
753,81,,886.326704376,,25.0,1736383226.190383,1.0,5.247984881862067e-05,,,,
782,82,0.9509803652763367,893.668382106,0.2283671647310257,26.0,1736383233.5321224,,,,,,
782,83,,925.1370722,,26.0,1736383265.0008588,1.0,5.149493517819792e-05,,,,
799,84,,929.145902238,,,1736383269.0095885,,,1e-05,,,
799,85,,929.259873776,,27.0,1736383269.123696,,,,5.26266339875292e-05,,
811,86,0.9411764740943909,932.325345957,0.23272734880447388,27.0,1736383272.1890936,,,,,,
811,87,,964.05575428,,27.0,1736383303.9195065,1.0,4.7126944991759956e-05,,,,
840,88,0.9313725233078003,971.289639062,0.23403330147266388,28.0,1736383311.1533806,,,,,,
840,89,,1003.458245282,,28.0,1736383343.3218675,1.0,4.644244472729042e-05,,,,
849,90,,1006.453781525,,,1736383346.317167,,,1e-05,,,
849,91,,1006.566831503,,29.0,1736383346.430629,,,,6.611482240259647e-05,,
869,92,0.9411764740943909,1010.549389287,0.2769375145435333,29.0,1736383350.4131143,,,,,,
869,93,,1041.005896901,,29.0,1736383380.8695507,1.0,4.494999666349031e-05,,,,
898,94,0.9411764740943909,1048.150039336,0.23989525437355042,30.0,1736383388.013702,,,,,,
898,95,,1048.15426627,,30.0,1736383388.0181644,1.0,4.5475320803234354e-05,,,,
899,96,,1050.076907569,,,1736383389.9391963,,,1e-05,,,
899,97,,1050.212529021,,31.0,1736383390.0761688,,,,3.199496495653875e-05,,
927,98,0.9313725233078003,1055.235504261,0.23134538531303406,31.0,1736383395.09926,,,,,,
927,99,,1086.623632166,,31.0,1736383426.487427,1.0,4.028910552733578e-05,,,,
949,100,,1091.257238616,,,1736383431.120831,,,1e-05,,,
949,101,,1091.371441658,,32.0,1736383431.2348907,,,,3.761175321415067e-05,,
956,102,0.9313725233078003,1093.804276653,0.24256902933120728,32.0,1736383433.668027,,,,,,
956,103,,1125.974342564,,32.0,1736383465.838113,1.0,3.937218207283877e-05,,,,
985,104,0.9411764740943909,1133.246747435,0.2160165011882782,33.0,1736383473.1104572,,,,,,
985,105,,1163.517680893,,33.0,1736383503.3814394,1.0,3.5786066291620955e-05,,,,
999,106,,1167.271232119,,,1736383507.1348832,,,1e-05,,,
999,107,,1167.385085003,,34.0,1736383507.2489522,,,,4.6387427573790774e-05,,
1014,108,0.9411764740943909,1170.795569383,0.224346324801445,34.0,1736383510.6592984,,,,,,
1014,109,,1200.58058501,,34.0,1736383540.4443526,1.0,3.555200237315148e-05,,,,
1043,110,0.9313725233078003,1207.842758038,0.22038862109184265,35.0,1736383547.7065272,,,,,,
1043,111,,1238.147332625,,35.0,1736383578.0110373,1.0,3.3966243790928274e-05,,,,
1049,112,,1240.921363205,,,1736383580.785065,,,1e-05,,,
1049,113,,1241.035287278,,36.0,1736383580.8991585,,,,4.6321754780365154e-05,,
1072,114,0.9411764740943909,1245.396011852,0.2068527191877365,36.0,1736383585.25976,,,,,,
1072,115,,1275.649660041,,36.0,1736383615.5134068,1.0,3.2571289921179414e-05,,,,
1099,116,,1280.902203276,,,1736383620.765887,,,1e-05,,,
1099,117,,1281.016086129,,37.0,1736383620.879959,,,,2.4511229639756493e-05,,
1101,118,0.9411764740943909,1282.865744793,0.24237091839313507,37.0,1736383622.7294955,,,,,,
1101,119,,1312.922417751,,37.0,1736383652.7861512,1.0,3.140574699500576e-05,,,,
1130,120,0.9313725233078003,1320.07254847,0.23959636688232422,38.0,1736383659.9362276,,,,,,
1130,121,,1348.772321781,,38.0,1736383688.6360674,1.0,2.939288788184058e-05,,,,
1149,122,,1353.272096633,,,1736383693.1357553,,,1e-05,,,
1149,123,,1353.385971877,,39.0,1736383693.2498033,,,,2.1519861547858454e-05,,
1159,124,0.9411764740943909,1356.207489811,0.24003548920154572,39.0,1736383696.071257,,,,,,
1159,125,,1385.561625635,,39.0,1736383725.4254105,1.0,2.8765636670868844e-05,,,,
1188,126,0.9509803652763367,1392.949752889,0.23651425540447235,40.0,1736383732.8134968,,,,,,
1188,127,,1424.269383716,,40.0,1736383764.133127,1.0,2.7204145226278342e-05,,,,
1199,128,,1427.641655569,,,1736383767.5053601,,,1e-05,,,
1199,129,,1427.756054512,,41.0,1736383767.6194296,,,,1.701647306617815e-05,,
1217,130,0.9313725233078003,1431.50762161,0.23238921165466309,41.0,1736383771.3713706,,,,,,
1217,131,,1461.275400545,,41.0,1736383801.1391888,1.0,2.5655932404333726e-05,,,,
1246,132,0.9411764740943909,1468.51004739,0.23069050908088684,42.0,1736383808.3737488,,,,,,
1246,133,,1498.669576392,,42.0,1736383838.5333395,1.0,2.540338391554542e-05,,,,
1249,134,,1500.948691344,,,1736383840.8112404,,,1e-05,,,
1249,135,,1501.074339437,,43.0,1736383840.9374213,,,,3.8841117202537134e-05,,
1275,136,0.9411764740943909,1505.801209928,0.23489759862422943,43.0,1736383845.6649504,,,,,,
1275,137,,1536.492396926,,43.0,1736383876.3561597,1.0,2.4068904167506844e-05,,,,
1299,138,,1541.425638498,,,1736383881.2893226,,,1e-05,,,
1299,139,,1541.540574678,,44.0,1736383881.4041717,,,,1.2490682820498478e-05,,
1304,140,0.9411764740943909,1543.726287782,0.25487595796585083,44.0,1736383883.5900104,,,,,,
1304,141,,1574.178813032,,44.0,1736383914.0425277,1.0,2.345987559237983e-05,,,,
1333,142,0.9411764740943909,1581.287078996,0.20978130400180817,45.0,1736383921.1508029,,,,,,
1333,143,,1611.930181952,,45.0,1736383951.7939827,1.0,2.331373434572015e-05,,,,
1349,144,,1615.751215482,,,1736383955.614555,,,1e-05,,,
1349,145,,1615.864724045,,46.0,1736383955.7285998,,,,2.1997351723257452e-05,,
1362,146,0.9411764740943909,1619.042869622,0.21113848686218262,46.0,1736383958.906609,,,,,,
1362,147,,1648.895476882,,46.0,1736383988.7591946,1.0,2.3308752133743837e-05,,,,
1391,148,0.9313725233078003,1656.24860541,0.24813564121723175,47.0,1736383996.1123602,,,,,,
1391,149,,1686.624526566,,47.0,1736384026.488314,1.0,2.1924086468061432e-05,,,,
1399,150,,1689.513049141,,,1736384029.376672,,,1e-05,,,
1399,151,,1689.626477498,,48.0,1736384029.490313,,,,1.4665709386463277e-05,,
1420,152,0.9411764740943909,1693.772539569,0.22405888140201569,48.0,1736384033.6363263,,,,,,
1420,153,,1724.535236513,,48.0,1736384064.3989587,1.0,2.1651689166901633e-05,,,,
1449,154,,1730.140549122,,,1736384070.0038443,,,1e-05,,,
1449,155,,1730.219448115,,49.0,1736384070.083236,,,,3.6442677810555324e-05,,
1449,156,0.9411764740943909,1731.856064221,0.22467999160289764,49.0,1736384071.7198215,,,,,,
1449,157,,1762.038315739,,49.0,1736384101.9020624,1.0,2.038354068645276e-05,,,,
1478,158,0.9411764740943909,1769.299038512,0.2582196593284607,50.0,1736384109.1628091,,,,,,
1478,159,,1798.964375354,,50.0,1736384138.8280623,1.0,2.0376941392896697e-05,,,,
1499,160,,1803.499636148,,,1736384143.363284,,,1e-05,,,
1499,161,,1803.613034499,,51.0,1736384143.4768693,,,,2.368366767768748e-05,,
1507,162,0.9411764740943909,1806.158957631,0.21280911564826965,51.0,1736384146.022693,,,,,,
1507,163,,1835.84958367,,51.0,1736384175.7133083,1.0,1.8880538846133277e-05,,,,
1536,164,0.9411764740943909,1843.172972717,0.23390741646289825,52.0,1736384183.036708,,,,,,
1536,165,,1873.655317076,,52.0,1736384213.5190854,1.0,1.8429671399644576e-05,,,,
1549,166,,1877.205360955,,,1736384217.0690863,,,1e-05,,,
1549,167,,1877.319224463,,53.0,1736384217.183081,,,,2.3997305106604472e-05,,
1565,168,0.9411764740943909,1880.857116696,0.23529303073883057,53.0,1736384220.7208724,,,,,,
1565,169,,1912.177751427,,53.0,1736384252.0414646,1.0,1.8164046196034178e-05,,,,
1594,170,0.9411764740943909,1919.467724538,0.2263253927230835,54.0,1736384259.3314052,,,,,,
1594,171,,1950.184590246,,54.0,1736384290.0483732,1.0,1.7737411326379515e-05,,,,
1599,172,,1952.960697689,,,1736384292.824419,,,1e-05,,,
1599,173,,1953.074570108,,55.0,1736384292.9384363,,,,2.2012090994394384e-05,,
1623,174,0.9411764740943909,1957.550817673,0.25367236137390137,55.0,1736384297.414552,,,,,,
1623,175,,1957.555017081,,55.0,1736384297.4189117,1.0,1.7800422938307747e-05,,,,
1649,176,,1962.60234859,,,1736384302.4660516,,,1e-05,,,
1649,177,,1962.716252189,,56.0,1736384302.580036,,,,1.77244764927309e-05,,
1652,178,0.9215686321258545,1964.684658706,0.23390309512615204,56.0,1736384304.5484014,,,,,,
1652,179,,1994.730076265,,56.0,1736384334.5937421,1.0,1.7345626474707387e-05,,,,
1681,180,0.9313725233078003,2002.100713,0.22716766595840454,57.0,1736384341.9644752,,,,,,
1681,181,,2031.181402716,,57.0,1736384371.0450857,1.0,1.6589145161560737e-05,,,,
1699,182,,2035.298408637,,,1736384375.1616974,,,1e-05,,,
1699,183,,2035.412108126,,58.0,1736384375.2756877,,,,1.9814209736068733e-05,,
1710,184,0.9313725233078003,2038.321134863,0.21322999894618988,58.0,1736384378.1849146,,,,,,
1710,185,,2038.325593437,,58.0,1736384378.1894708,1.0,1.8434575395076536e-05,,,,
1739,186,0.9313725233078003,2045.449957362,0.23156867921352386,59.0,1736384385.3137012,,,,,,
1739,187,,2075.05724497,,59.0,1736384414.9210246,1.0,1.5218074622680433e-05,,,,
1749,188,,2078.278657632,,,1736384418.142333,,,1e-05,,,
1749,189,,2078.392723633,,60.0,1736384418.2565665,,,,1.852880814112723e-05,,
1768,190,0.9313725233078003,2082.292387285,0.2380184680223465,60.0,1736384422.156162,,,,,,
1768,191,,2082.296527884,,60.0,1736384422.1604426,1.0,1.576159047544934e-05,,,,
1797,192,0.9411764740943909,2089.467733147,0.3008972406387329,61.0,1736384429.331507,,,,,,
1797,193,,2089.47201425,,61.0,1736384429.3358946,1.0,3.416341496631503e-05,,,,
1799,194,,2091.691346974,,,1736384431.5522082,,,1e-05,,,
1799,195,,2091.815472158,,62.0,1736384431.6784697,,,,1.9400526070967317e-05,,
1826,196,0.9313725233078003,2096.748645077,0.2622838616371155,62.0,1736384436.6123638,,,,,,
1826,197,,2096.753410727,,62.0,1736384436.6172829,1.0,2.222826333309058e-05,,,,
1849,198,,2101.520375077,,,1736384441.3836875,,,1e-05,,,
1849,199,,2101.633955121,,63.0,1736384441.4977717,,,,1.90688697330188e-05,,
1855,200,0.9411764740943909,2103.998574268,0.25922679901123047,63.0,1736384443.8623238,,,,,,
1855,201,,2104.002806619,,63.0,1736384443.8667164,1.0,1.5573705240967683e-05,,,,
1884,202,0.9313725233078003,2111.200134387,0.26118484139442444,64.0,1736384451.0638864,,,,,,
1884,203,,2111.204891091,,64.0,1736384451.0687373,1.0,1.5346344298450276e-05,,,,
1899,204,,2114.944487872,,,1736384454.808156,,,1e-05,,,
1899,205,,2115.058428664,,65.0,1736384454.9222085,,,,1.2937574865645729e-05,,
1913,206,0.9313725233078003,2118.323666013,0.2544980049133301,65.0,1736384458.187371,,,,,,
1913,207,,2147.056639555,,65.0,1736384486.9204307,1.0,1.4166955224936828e-05,,,,
1942,208,0.9411764740943909,2154.200355554,0.21092239022254944,66.0,1736384494.0641031,,,,,,
1942,209,,2154.204805454,,66.0,1736384494.0686631,1.0,1.5259412975865416e-05,,,,
1949,210,,2157.018095464,,,1736384496.8818638,,,1e-05,,,
1949,211,,2157.132005513,,67.0,1736384496.995871,,,,1.8331606042920612e-05,,
1971,212,0.9411764740943909,2161.391423356,0.23965808749198914,67.0,1736384501.255198,,,,,,
1971,213,,2191.154357439,,67.0,1736384531.018093,1.0,1.3592204595624935e-05,,,,
1999,214,,2196.518819883,,,1736384536.3824904,,,1e-05,,,
1999,215,,2196.632713777,,68.0,1736384536.4965637,,,,1.6919724657782353e-05,,
2000,216,0.9313725233078003,2198.347616684,0.22693218290805817,68.0,1736384538.2113836,,,,,,
2000,217,,2198.351892507,,68.0,1736384538.2157805,1.0,1.3638015843753237e-05,,,,
2029,218,0.9313725233078003,2205.570189603,0.24667510390281677,69.0,1736384545.4339294,,,,,,
2029,219,,2236.582371481,,69.0,1736384576.4460602,1.0,1.2560682989715133e-05,,,,
2049,220,,2241.012702426,,,1736384580.8763914,,,1e-05,,,
2049,221,,2241.126565977,,70.0,1736384580.9904065,,,,1.076963781088125e-05,,
2058,222,0.9313725233078003,2243.83750225,0.24273693561553955,70.0,1736384583.7012656,,,,,,
2058,223,,2275.281927459,,70.0,1736384615.1457148,1.0,1.1772235666285269e-05,,,,
2087,224,0.9411764740943909,2282.372545738,0.22521831095218658,71.0,1736384622.2363257,,,,,,
2087,225,,2282.376658707,,71.0,1736384622.2405584,1.0,1.2429914022504818e-05,,,,
2099,226,,2285.738549752,,,1736384625.602225,,,1e-05,,,
2099,227,,2285.852672624,,72.0,1736384625.716262,,,,1.1864855878229719e-05,,
2116,228,0.9215686321258545,2289.5085559,0.2455013543367386,72.0,1736384629.372328,,,,,,
2116,229,,2320.04669664,,72.0,1736384659.910455,1.0,1.1716238986991812e-05,,,,
2145,230,0.9411764740943909,2327.262590395,0.22676372528076172,73.0,1736384667.1263103,,,,,,
2145,231,,2327.267110356,,73.0,1736384667.130996,1.0,1.1758859727706295e-05,,,,
2149,232,,2329.787580342,,,1736384669.6512463,,,1e-05,,,
2149,233,,2329.900959424,,74.0,1736384669.7647886,,,,1.1943044228246436e-05,,
2174,234,0.9313725233078003,2334.524055318,0.22662241756916046,74.0,1736384674.3878038,,,,,,
2174,235,,2334.528237476,,74.0,1736384674.3921278,1.0,1.2124191016482655e-05,,,,
2199,236,,2339.52267152,,,1736384679.3863528,,,1e-05,,,
2199,237,,2339.636782444,,75.0,1736384679.5006182,,,,9.212511940859258e-06,,
2203,238,0.9313725233078003,2341.661944918,0.23624616861343384,75.0,1736384681.525666,,,,,,
2203,239,,2372.805006574,,75.0,1736384712.6687045,1.0,1.0543444659560919e-05,,,,
2232,240,0.9313725233078003,2380.083850193,0.24190273880958557,76.0,1736384719.9475687,,,,,,
2232,241,,2380.088059131,,76.0,1736384719.9519584,1.0,1.0721997568907682e-05,,,,
2249,242,,2384.092725593,,,1736384723.9563797,,,1e-05,,,
2249,243,,2384.206823466,,77.0,1736384724.0706263,,,,6.444696737162303e-06,,
2261,244,0.9215686321258545,2387.289903592,0.24016675353050232,77.0,1736384727.153662,,,,,,
2261,245,,2417.958504299,,77.0,1736384757.8222933,1.0,1.0389413546363357e-05,,,,
2290,246,0.9313725233078003,2425.128858606,0.2354176789522171,78.0,1736384764.9925904,,,,,,
2290,247,,2425.133210202,,78.0,1736384764.9970899,1.0,1.091246485884767e-05,,,,
2299,248,,2428.21005411,,,1736384768.073728,,,1e-05,,,
2299,249,,2428.324386657,,79.0,1736384768.1882226,,,,5.554362815018976e-06,,
2319,250,0.9411764740943909,2432.377588489,0.23260000348091125,79.0,1736384772.2413154,,,,,,
2319,251,,2461.263358055,,79.0,1736384801.1271045,1.0,9.961185241991188e-06,,,,
2348,252,0.9411764740943909,2468.385219168,0.22084103524684906,80.0,1736384808.248967,,,,,,
2348,253,,2468.389669599,,80.0,1736384808.2535338,1.0,1.0041030691354536e-05,,,,
2349,254,,2470.369830315,,,1736384810.2326715,,,1e-05,,,
2349,255,,2470.503530594,,81.0,1736384810.3669488,,,,1.170829727925593e-05,,
2377,256,0.9411764740943909,2475.552987841,0.20028890669345856,81.0,1736384815.4167213,,,,,,
2377,257,,2506.042374143,,81.0,1736384845.9061623,1.0,9.84237249213038e-06,,,,
2399,258,,2510.671374412,,,1736384850.5350628,,,1e-05,,,
2399,259,,2510.785327732,,82.0,1736384850.6491294,,,,1.0639295396686066e-05,,
2406,260,0.9313725233078003,2513.242591992,0.21845780313014984,82.0,1736384853.106347,,,,,,
2406,261,,2543.078280189,,82.0,1736384882.942085,1.0,9.646811122365762e-06,,,,
2435,262,0.9411764740943909,2550.273879496,0.2394794374704361,83.0,1736384890.137638,,,,,,
2435,263,,2578.940029343,,83.0,1736384918.8037932,1.0,9.413340194441844e-06,,,,
2449,264,,2582.674612615,,,1736384922.5382993,,,1e-05,,,
2449,265,,2582.788635219,,84.0,1736384922.6524599,,,,1.0292784281773493e-05,,
2464,266,0.9313725233078003,2586.170244762,0.23375388979911804,84.0,1736384926.0339952,,,,,,
2464,267,,2614.628072266,,84.0,1736384954.4917922,1.0,8.71006432134891e-06,,,,
2493,268,0.9411764740943909,2621.903688805,0.2126111388206482,85.0,1736384961.7674098,,,,,,
2493,269,,2652.906877877,,85.0,1736384992.7706077,1.0,8.608899406681303e-06,,,,
2499,270,,2655.551518924,,,1736384995.4152195,,,1e-05,,,
2499,271,,2655.665390279,,86.0,1736384995.5292194,,,,1.0747322448878549e-05,,
2522,272,0.9411764740943909,2660.066149138,0.2326984852552414,86.0,1736384999.9299014,,,,,,
2522,273,,2660.070447955,,86.0,1736384999.9343262,1.0,8.677974619786255e-06,,,,
2549,274,,2665.286434836,,,1736385005.1501565,,,1e-05,,,
2549,275,,2665.400141723,,87.0,1736385005.263986,,,,5.722000423702411e-06,,
2551,276,0.9411764740943909,2667.248461656,0.22142665088176727,87.0,1736385007.1122212,,,,,,
2551,277,,2697.904360311,,87.0,1736385037.7681031,1.0,8.464112397632562e-06,,,,
2580,278,0.9313725233078003,2705.190593134,0.2592281401157379,88.0,1736385045.0543637,,,,,,
2580,279,,2705.194891862,,88.0,1736385045.0587564,1.0,8.732627065910492e-06,,,,
2599,280,,2709.505286826,,,1736385049.3690166,,,1e-05,,,
2599,281,,2709.619109421,,89.0,1736385049.4829662,,,,1.3928427506471053e-05,,
2609,282,0.9313725233078003,2712.414606685,0.22689451277256012,89.0,1736385052.2783837,,,,,,
2609,283,,2742.106768438,,89.0,1736385081.970506,1.0,8.218687980843242e-06,,,,
2638,284,0.9411764740943909,2749.340301192,0.2262050211429596,90.0,1736385089.204048,,,,,,
2638,285,,2779.734254394,,90.0,1736385119.597983,1.0,7.973789251991548e-06,,,,
2649,286,,2783.189700202,,,1736385123.0533834,,,1e-05,,,
2649,287,,2783.303874289,,91.0,1736385123.1675286,,,,4.693840764957713e-06,,
2667,288,0.9411764740943909,2787.092976907,0.24469250440597534,91.0,1736385126.9567025,,,,,,
2667,289,,2817.350398869,,91.0,1736385157.2141662,1.0,7.597082912980113e-06,,,,
2696,290,0.9313725233078003,2824.661144398,0.2333889603614807,92.0,1736385164.5248919,,,,,,
2696,291,,2824.665901194,,92.0,1736385164.529752,1.0,7.670845661778003e-06,,,,
2699,292,,2826.986563425,,,1736385166.8490212,,,1e-05,,,
2699,293,,2827.108646228,,93.0,1736385166.972242,,,,6.049824605725007e-06,,
2725,294,0.9215686321258545,2831.867860147,0.22375936806201935,93.0,1736385171.7316039,,,,,,
2725,295,,2831.872093633,,93.0,1736385171.7359774,1.0,7.639790965185966e-06,,,,
2749,296,,2836.714960639,,,1736385176.578636,,,1e-05,,,
2749,297,,2836.828824566,,94.0,1736385176.692643,,,,6.355263849400217e-06,,
2754,298,0.9313725233078003,2839.034362235,0.2388726770877838,94.0,1736385178.898119,,,,,,
2754,299,,2869.060580766,,94.0,1736385208.9243286,1.0,7.586170340800891e-06,,,,
2783,300,0.9313725233078003,2876.886843312,0.23310919106006622,95.0,1736385216.7505882,,,,,,
2783,301,,2907.029820198,,95.0,1736385246.8935065,1.0,7.321271823457209e-06,,,,
2799,302,,2911.011515597,,,1736385250.875191,,,1e-05,,,
2799,303,,2911.125356601,,96.0,1736385250.9891922,,,,7.964542419358622e-06,,
2812,304,0.9313725233078003,2914.304305776,0.24189069867134094,96.0,1736385254.168054,,,,,,
2812,305,,2943.576296098,,96.0,1736385283.440077,1.0,6.9524935497611295e-06,,,,
2841,306,0.9411764740943909,2950.69972837,0.1854822188615799,97.0,1736385290.5635056,,,,,,
2841,307,,2950.703972866,,97.0,1736385290.5678782,1.0,6.969112291699275e-06,,,,
2849,308,,2953.619613011,,,1736385293.4833283,,,1e-05,,,
2849,309,,2953.733764442,,98.0,1736385293.5976002,,,,4.447966148291016e-06,,
2870,310,0.9313725233078003,2957.863972571,0.2547575533390045,98.0,1736385297.7277048,,,,,,
2870,311,,2957.868090241,,98.0,1736385297.73199,1.0,7.042331617412856e-06,,,,
2899,312,,2963.287154399,,,1736385303.150841,,,1e-05,,,
2899,313,,2963.366457518,,99.0,1736385303.2303302,,,,8.317400897794869e-06,,
2899,314,0.9313725233078003,2965.019101728,0.2496030032634735,99.0,1736385304.882852,,,,,,
2899,315,,2995.724625571,,99.0,1736385335.5880878,1.0,6.901977030793205e-06,,,,
2928,316,0.9411764740943909,3002.924240368,0.21261201798915863,100.0,1736385342.7879956,,,,,,
2928,317,,3032.160729378,,100.0,1736385372.0245209,1.0,6.399050107575022e-06,,,,
2949,318,,3036.910715697,,,1736385376.7744005,,,1e-05,,,
2949,319,,3037.024573053,,101.0,1736385376.8884106,,,,5.423983566288371e-06,,
2957,320,0.9313725233078003,3039.587597095,0.25436896085739136,101.0,1736385379.4513495,,,,,,
2957,321,,3039.59177402,,101.0,1736385379.4556544,1.0,6.7139449129172135e-06,,,,
2986,322,0.9313725233078003,3046.763320642,0.23373591899871826,102.0,1736385386.6270638,,,,,,
2986,323,,3046.767650343,,102.0,1736385386.6315181,1.0,6.59643228573259e-06,,,,
2999,324,,3050.313062739,,,1736385390.1767368,,,1e-05,,,
2999,325,,3050.427100993,,103.0,1736385390.290964,,,,5.546896773012122e-06,,
3015,326,0.9509803652763367,3053.930607397,0.20755283534526825,103.0,1736385393.7943337,,,,,,
3015,327,,3084.711223389,,103.0,1736385424.574897,1.0,6.082203071855474e-06,,,,
3044,328,0.9411764740943909,3091.956864992,0.22447094321250916,104.0,1736385431.820603,,,,,,
3044,329,,3091.961276348,,104.0,1736385431.8251507,1.0,6.187121016409947e-06,,,,
3049,330,,3094.516809984,,,1736385434.3804817,,,1e-05,,,
3049,331,,3094.630640812,,105.0,1736385434.4945076,,,,8.821339179121424e-06,,
3073,332,0.9313725233078003,3099.183596483,0.23741574585437775,105.0,1736385439.0473175,,,,,,
3073,333,,3099.187705154,,105.0,1736385439.0516121,1.0,6.434361239371356e-06,,,,
3099,334,,3104.25763499,,,1736385444.121277,,,1e-05,,,
3099,335,,3104.371764939,,106.0,1736385444.2353098,,,,7.983188879734371e-06,,
3102,336,0.9411764740943909,3106.325464025,0.22971157729625702,106.0,1736385446.189191,,,,,,
3102,337,,3138.414389133,,106.0,1736385478.2781348,1.0,5.912873803026741e-06,,,,
3131,338,0.9215686321258545,3145.478248642,0.224859356880188,107.0,1736385485.3418808,,,,,,
3131,339,,3174.693921717,,107.0,1736385514.5576038,1.0,5.910150775889633e-06,,,,
3149,340,,3178.978013705,,,1736385518.8416793,,,1e-05,,,
3149,341,,3179.092306628,,108.0,1736385518.9557874,,,,8.813915883365553e-06,,
3160,342,0.9411764740943909,3182.043513599,0.19819025695323944,108.0,1736385521.9072576,,,,,,
3160,343,,3213.364909631,,108.0,1736385553.2285967,1.0,5.8892419474432245e-06,,,,
3189,344,0.9411764740943909,3220.673963002,0.20424982905387878,109.0,1736385560.5376997,,,,,,
3189,345,,3251.028053645,,109.0,1736385590.8918266,1.0,5.57005705559277e-06,,,,
3199,346,,3254.258831809,,,1736385594.1224518,,,1e-05,,,
3199,347,,3254.373519529,,110.0,1736385594.2372885,,,,6.135494004411157e-06,,
3218,348,0.9313725233078003,3258.264600945,0.23903267085552216,110.0,1736385598.1283479,,,,,,
3218,349,,3258.268966512,,110.0,1736385598.132844,1.0,5.610703283309704e-06,,,,
3247,350,0.9509803652763367,3265.442770721,0.20707865059375763,111.0,1736385605.306516,,,,,,
3247,351,,3295.888614583,,111.0,1736385635.752355,1.0,5.5658965720795095e-06,,,,
3249,352,,3297.916879881,,,1736385637.7782297,,,1e-05,,,
3249,353,,3298.038935651,,112.0,1736385637.9024613,,,,6.1727546381007414e-06,,
3276,354,0.9215686321258545,3302.96577308,0.24260088801383972,112.0,1736385642.8295703,,,,,,
3276,355,,3333.306018514,,112.0,1736385673.1697447,1.0,5.288534339342732e-06,,,,
3299,356,,3338.095378461,,,1736385677.9590473,,,1e-05,,,
3299,357,,3338.209509405,,113.0,1736385678.0731049,,,,4.265428742655786e-06,,
3305,358,0.9411764740943909,3340.504465853,0.2330859899520874,113.0,1736385680.368228,,,,,,
3305,359,,3340.508639885,,113.0,1736385680.3725202,1.0,5.592389243247453e-06,,,,
3334,360,0.9411764740943909,3347.513931155,0.21817322075366974,114.0,1736385687.3776946,,,,,,
3334,361,,3377.809557788,,114.0,1736385717.6733098,1.0,5.072065960121108e-06,,,,
3349,362,,3381.614469548,,,1736385721.4781532,,,1e-05,,,
3349,363,,3381.728392207,,115.0,1736385721.5921574,,,,3.5725277029996505e-06,,
3363,364,0.9313725233078003,3385.008366218,0.2221897840499878,115.0,1736385724.8721461,,,,,,
3363,365,,3385.012660847,,115.0,1736385724.8765683,1.0,5.356964720704127e-06,,,,
3392,366,0.9411764740943909,3392.126356793,0.24263626337051392,116.0,1736385731.990071,,,,,,
3392,367,,3422.378898783,,116.0,1736385762.242698,1.0,5.031421551393578e-06,,,,
3399,368,,3425.193774075,,,1736385765.0574462,,,1e-05,,,
3399,369,,3425.307601728,,117.0,1736385765.1714294,,,,3.6209612517268397e-06,,
3421,370,0.9411764740943909,3429.572659119,0.22115875780582428,117.0,1736385769.4363883,,,,,,
3421,371,,3459.83620732,,117.0,1736385799.6999345,1.0,4.983502094546566e-06,,,,
3449,372,,3465.390810461,,,1736385805.254446,,,1e-05,,,
3449,373,,3465.50484038,,118.0,1736385805.3686354,,,,5.710800451197429e-06,,
3450,374,0.9313725233078003,3467.21488361,0.18322697281837463,118.0,1736385807.078634,,,,,,
3450,375,,3467.219083123,,118.0,1736385807.0829709,1.0,5.0198595999972895e-06,,,,
3479,376,0.9411764740943909,3474.399898926,0.2220010608434677,119.0,1736385814.2636561,,,,,,
3479,377,,3504.922107038,,119.0,1736385844.7858703,1.0,4.89325384478434e-06,,,,
3499,378,,3509.275814839,,,1736385849.1394541,,,1e-05,,,
3499,379,,3509.389853581,,120.0,1736385849.2532854,,,,4.3175632526981644e-06,,
3508,380,0.9411764740943909,3512.039479454,0.21165788173675537,120.0,1736385851.903265,,,,,,
3508,381,,3543.07970407,,120.0,1736385882.9433966,1.0,4.61484387415112e-06,,,,
3537,382,0.9411764740943909,3550.327845266,0.19595825672149658,121.0,1736385890.1915789,,,,,,
3537,383,,3550.332151891,,121.0,1736385890.196033,1.0,4.756252565130126e-06,,,,
3549,384,,3553.693783509,,,1736385893.5575197,,,1e-05,,,
3549,385,,3553.807326989,,122.0,1736385893.6712108,,,,3.207462214049883e-06,,
3566,386,0.9411764740943909,3557.451453284,0.20913785696029663,122.0,1736385897.3152168,,,,,,
3566,387,,3587.698207952,,122.0,1736385927.561824,1.0,4.503428044699831e-06,,,,
3595,388,0.9411764740943909,3595.024459951,0.24346555769443512,123.0,1736385934.888213,,,,,,
3595,389,,3595.028828854,,123.0,1736385934.8927152,1.0,4.623019776772708e-06,,,,
3599,390,,3597.428150194,,,1736385937.2915075,,,1e-05,,,
3599,391,,3597.543374852,,124.0,1736385937.407236,,,,4.634209744835971e-06,,
3624,392,0.9411764740943909,3602.184693955,0.24828658998012543,124.0,1736385942.0484705,,,,,,
3624,393,,3602.188878453,,124.0,1736385942.0527587,1.0,4.544071089185309e-06,,,,
3649,394,,3607.224816348,,,1736385947.0884867,,,1e-05,,,
3649,395,,3607.338987149,,125.0,1736385947.202588,,,,3.1739195947011467e-06,,
3653,396,0.9509803652763367,3609.435388727,0.2048254758119583,125.0,1736385949.2991405,,,,,,
3653,397,,3638.661160379,,125.0,1736385978.5247314,1.0,4.232549144944642e-06,,,,
3682,398,0.9411764740943909,3645.972673544,0.19752511382102966,126.0,1736385985.8364313,,,,,,
3682,399,,3645.977284631,,126.0,1736385985.841169,1.0,4.354741577117238e-06,,,,
3699,400,,3649.969951744,,,1736385989.8336158,,,1e-05,,,
3699,401,,3650.084219507,,127.0,1736385989.9480474,,,,3.1292308904085075e-06,,
3711,402,0.9411764740943909,3653.114672475,0.21744529902935028,127.0,1736385992.9784124,,,,,,
3711,403,,3653.119705422,,127.0,1736385992.983554,1.0,4.365776021586498e-06,,,,
3740,404,0.9411764740943909,3660.280866404,0.18987694382667542,128.0,1736386000.1445827,,,,,,
3740,405,,3660.285332339,,128.0,1736386000.1491992,1.0,4.265140887582675e-06,,,,
3749,406,,3663.318226485,,,1736386003.1819239,,,1e-05,,,
3749,407,,3663.432159477,,129.0,1736386003.2959976,,,,3.3564710975042544e-06,,
3769,408,0.9411764740943909,3667.430111107,0.25133562088012695,129.0,1736386007.293858,,,,,,
3769,409,,3667.43442074,,129.0,1736386007.2983003,1.0,4.304227786633419e-06,,,,
3798,410,0.9313725233078003,3674.557578779,0.24320505559444427,130.0,1736386014.4213245,,,,,,
3798,411,,3705.783757276,,130.0,1736386045.6473796,1.0,4.200733656034572e-06,,,,
3799,412,,3707.74219168,,,1736386047.6047685,,,1e-05,,,
3799,413,,3707.881511762,,131.0,1736386047.7446346,,,,3.058452875848161e-06,,
3827,414,0.9411764740943909,3712.92288763,0.21781502664089203,131.0,1736386052.7866523,,,,,,
3827,415,,3745.092307495,,131.0,1736386084.9559748,1.0,3.881030806951458e-06,,,,
3849,416,,3749.856256128,,,1736386089.7199948,,,1e-05,,,
3849,417,,3749.970045195,,132.0,1736386089.8338726,,,,3.2149109756574035e-06,,
3856,418,0.9411764740943909,3752.408417414,0.21396131813526154,132.0,1736386092.2721705,,,,,,
3856,419,,3752.4128025,,132.0,1736386092.2766623,1.0,4.058280865137931e-06,,,,
3885,420,0.9411764740943909,3759.514670466,0.22314830124378204,133.0,1736386099.3784323,,,,,,
3885,421,,3759.518890182,,133.0,1736386099.3827693,1.0,4.026725491712568e-06,,,,
3899,422,,3763.145347939,,,1736386103.009004,,,1e-05,,,
3899,423,,3763.259446851,,134.0,1736386103.1229227,,,,3.5576356367528206e-06,,
3914,424,0.9313725233078003,3766.656264709,0.2579667270183563,134.0,1736386106.5200086,,,,,,
3914,425,,3798.232418978,,134.0,1736386138.0961945,1.0,3.7311760934244376e-06,,,,
3943,426,0.9411764740943909,3805.48126463,0.2102918177843094,135.0,1736386145.344982,,,,,,
3943,427,,3835.524529558,,135.0,1736386175.3882084,1.0,3.6649473713623593e-06,,,,
3949,428,,3838.368986445,,,1736386178.2326782,,,1e-05,,,
3949,429,,3838.482861363,,136.0,1736386178.3466947,,,,4.015839294879697e-06,,
3972,430,0.9411764740943909,3842.858255655,0.20284566283226013,136.0,1736386182.7220209,,,,,,
3972,431,,3873.461857704,,136.0,1736386213.3254914,1.0,3.6500155147223268e-06,,,,
3999,432,,3878.958274183,,,1736386218.8219717,,,1e-05,,,
3999,433,,3879.072317047,,137.0,1736386218.9361987,,,,6.481951459136326e-06,,
4001,434,0.9411764740943909,3880.897189774,0.18970899283885956,137.0,1736386220.7609675,,,,,,
4001,435,,3911.565215309,,137.0,1736386251.4287996,1.0,3.6141768759989645e-06,,,,
4030,436,0.9411764740943909,3918.761920585,0.23657119274139404,138.0,1736386258.6256075,,,,,,
4030,437,,3947.67867866,,138.0,1736386287.5424664,1.0,3.5496370855980786e-06,,,,
4049,438,,3952.117426837,,,1736386291.98113,,,1e-05,,,
4049,439,,3952.23134642,,139.0,1736386292.0951903,,,,3.047272684852942e-06,,
4059,440,0.9411764740943909,3955.044818226,0.22441762685775757,139.0,1736386294.9085557,,,,,,
4059,441,,3984.986588263,,139.0,1736386324.850369,1.0,3.521324288158212e-06,,,,
4088,442,0.9215686321258545,3992.099720931,0.225356325507164,140.0,1736386331.9634624,,,,,,
4088,443,,3992.104044664,,140.0,1736386331.9679263,1.0,3.7058491670904914e-06,,,,
4099,444,,3995.462612834,,,1736386335.3262348,,,1e-05,,,
4099,445,,3995.57644327,,141.0,1736386335.4402852,,,,2.3916286409075838e-06,,
4117,446,0.9411764740943909,3999.368839597,0.25876468420028687,141.0,1736386339.232553,,,,,,
4117,447,,3999.373237449,,141.0,1736386339.2370906,1.0,3.592488837966812e-06,,,,
4146,448,0.9411764740943909,4006.511849755,0.20398445427417755,142.0,1736386346.375601,,,,,,
4146,449,,4037.647986531,,142.0,1736386377.511674,1.0,3.2856396501301788e-06,,,,
4149,450,,4040.156399669,,,1736386380.0177326,,,1e-05,,,
4149,451,,4040.282959183,,143.0,1736386380.1455703,,,,3.2521577395527856e-06,,
4175,452,0.9411764740943909,4045.027323884,0.2072930932044983,143.0,1736386384.891071,,,,,,
4175,453,,4045.031873861,,143.0,1736386384.895736,1.0,3.4395195598335704e-06,,,,
4199,454,,4049.891490141,,,1736386389.75518,,,1e-05,,,
4199,455,,4050.00589306,,144.0,1736386389.869246,,,,3.5613556974567473e-06,,
4204,456,0.9313725233078003,4052.189591033,0.217874214053154,144.0,1736386392.0532773,,,,,,
4204,457,,4052.194049509,,144.0,1736386392.057924,1.0,3.336672079967684e-06,,,,
4233,458,0.9313725233078003,4059.36029064,0.2269899845123291,145.0,1736386399.2240546,,,,,,
4233,459,,4089.566579342,,145.0,1736386429.4302645,1.0,3.1830543321120786e-06,,,,
4249,460,,4093.555904816,,,1736386433.4195857,,,1e-05,,,
4249,461,,4093.670123069,,146.0,1736386433.5337238,,,,3.5166590350854676e-06,,
4262,462,0.9509803652763367,4096.840096887,0.1964731216430664,146.0,1736386436.7038412,,,,,,
4262,463,,4096.844921669,,146.0,1736386436.7087803,1.0,3.2403193017671583e-06,,,,
4263,464,,4101.167983316,,147.0,1736386441.031722,,,,,0.9411764740943909,0.22822944819927216
